ResponseID,Email,Gender,Age,Text
0,quinonezleonor@hotmail.com,M,35,Magnam ex quia necessitatibus officiis. Ullam excepturi quas illum nihil ut.
1,emilia19@reyna.com,M,64,Error minima aperiam velit qui magnam. Porro aperiam tenetur minima dolorem nam mollitia. Ipsum tempore ut beatae earum eos voluptates.
2,falcaraz@club.com,M,28,Recusandae reiciendis necessitatibus ab delectus ut suscipit sapiente. Quibusdam quos nobis iste soluta quae. Autem id tempore molestias quos fuga.
3,davidcarreon@griego.info,F,64,
4,serratomarcos@yahoo.com,F,71,Debitis dolore rerum nesciunt aperiam delectus ab. Quo iure ad expedita magnam nulla at incidunt.
5,casillasmercedes@gmail.com,F,60,Ipsum architecto delectus unde quam voluptates assumenda. Autem veritatis modi optio doloremque.
6,wsierra@gmail.com,M,72,Sit dolores suscipit ut saepe reprehenderit. Facere expedita quas. Fugiat magni facere amet.
7,pilar30@yahoo.com,F,12,Unde doloremque possimus rerum temporibus assumenda. Ratione excepturi rem similique. Dolorem est voluptate sunt.
8,pedrooquendo@rodrigez.org,M,32,Quas at enim debitis pariatur totam. Suscipit aliquam optio quae. Doloremque quisquam eum in voluptates omnis a. Aspernatur est laboriosam quam laborum corporis.
9,trejohumberto@laboratorios.com,F,64,Dignissimos iste perferendis repudiandae.
10,castanedaleonel@gmail.com,M,16,Eos dicta a voluptatibus dolorem dignissimos. Vero et ducimus voluptates ad quis. Quasi porro dolorem.
11,barajasdiego@macias.org,F,19,Repudiandae hic ratione. Laudantium eum perspiciatis quia.
12,fledesma@laboratorios.com,F,73,Pariatur neque neque sunt quaerat rerum dolor similique. Doloremque laboriosam pariatur fugit eius enim voluptate architecto.
13,ivantapia@despacho.net,F,26,
14,mlucero@proyectos.com,M,37,Adipisci saepe adipisci sed cupiditate quas.
15,inesverduzco@despacho.com,F,74,Dolorem quo maxime deleniti. Doloremque omnis omnis dolorum veritatis. Deleniti voluptatibus rerum excepturi optio asperiores neque.
16,emorales@laboratorios.com,M,30,Ex facere voluptatibus deserunt ut laboriosam reiciendis. Quos omnis minima alias veritatis ipsum.
17,maestasmiguel-angel@grupo.com,M,54,Accusantium similique repellendus natus reiciendis. Doloribus alias excepturi voluptates natus sunt atque. Eaque error magni totam dolorum repellendus quia commodi.
18,maldonadoeric@ramirez.com,F,29,Nostrum distinctio deleniti doloremque ratione asperiores reiciendis. Dolor sunt molestiae rerum. Reprehenderit et consequatur accusamus.
19,rocio60@gmail.com,M,15,Voluptates perspiciatis incidunt praesentium temporibus amet. Adipisci doloremque quia quidem molestiae iste occaecati. Reprehenderit assumenda nesciunt atque.
20,ana-luisapalomino@club.biz,F,64,Voluptate omnis dolorum dolore laborum. Culpa distinctio cum modi aperiam.
21,salgadoelvira@club.com,F,66,Corrupti impedit temporibus molestiae dicta odit ipsum. Enim itaque vel occaecati iste at magnam. Velit expedita eaque consequuntur earum.
22,lauraalba@solorio-varela.org,M,30,Aut non inventore quasi quas. Id consequuntur provident totam.
23,perezflavio@yahoo.com,F,52,
24,froybal@club.com,M,71,Omnis reiciendis quia vel at ex sapiente. Iste odit quos harum totam necessitatibus dolores. Vitae eligendi natus totam corporis inventore fugit.
25,nbarragan@laboratorios.com,M,24,Animi repudiandae sint similique aperiam. Similique optio temporibus incidunt minima. Vel fugit libero laudantium quidem. A blanditiis tempora debitis voluptatum et.
26,carmonaguillermo@zuniga-ulibarri.com,M,22,Facilis voluptatum dolores necessitatibus. Ullam vel magni at tempore nostrum illum. Doloribus perspiciatis iste voluptatum cum quod.
27,maria-luisa99@gmail.com,F,22,Quo accusantium possimus id dolorum quas quibusdam perspiciatis. Vitae fugiat expedita doloribus nihil praesentium animi sequi. Voluptatibus assumenda tempore illum ullam aut.
28,chavezjose-carlos@verdugo-montano.com,F,61,Ipsa est inventore quos dicta perspiciatis. Explicabo repellat sint earum. Architecto assumenda harum inventore molestiae aspernatur. Qui perferendis quisquam aliquid.
29,miramontesmaria-del-carmen@hotmail.com,M,22,Veniam eaque numquam. Vel animi laudantium earum magni ut. Quasi necessitatibus distinctio voluptatibus necessitatibus omnis non. Accusantium eveniet minus fugit soluta impedit.
30,reynaldocolunga@padron-saldana.com,M,50,
31,sergiomendoza@grupo.com,F,69,Id quas sed vitae. Aut deserunt sunt asperiores animi porro. Ab sit repellendus iure sed incidunt.
32,yuridia60@industrias.biz,F,27,Nemo dolore tempore accusantium quae. Corporis soluta sit eum architecto rem. Quia repellat voluptatum animi dolore aliquam sequi.
33,jonaszarate@club.com,M,17,Facere molestiae dolorum quam sed repellat. Unde earum necessitatibus fugit accusantium fugiat neque. Ut sed omnis accusamus alias dolore.
34,andreacervantez@hotmail.com,F,35,Ducimus commodi ipsum. Laboriosam officia earum pariatur.
35,yfajardo@laboratorios.com,M,45,Ipsa quis beatae. Laudantium impedit ipsam dolorum aut.
36,wpabon@grupo.net,M,16,Exercitationem itaque nostrum repudiandae rem. Neque quaerat nesciunt nobis. Amet ex esse iste saepe provident in quis.
37,eloisacadena@yahoo.com,F,22,In deleniti doloribus inventore odit dolorem qui. Sit commodi atque provident delectus.
38,porfirioruiz@gmail.com,M,48,Non dolore laboriosam ex ex quod nobis. Pariatur aliquam suscipit tempore totam mollitia libero.
39,elias43@corporacin.net,M,33,Odio enim ut ea. A nesciunt accusantium tempore tenetur velit.
40,samuel34@vazquez.info,F,45,Ut alias perferendis tempora velit saepe. Asperiores debitis doloremque ducimus. Voluptas quia quam nobis in nisi iure quia.
41,osantiago@yahoo.com,F,17,Ipsum vel quisquam distinctio cupiditate aut praesentium. Dolorum aut ea quisquam maxime.
42,xacuna@gmail.com,F,36,Provident hic necessitatibus nulla unde harum expedita. Ea at unde quod minima dolores.
43,luevanojulia@batista.com,F,30,
44,amadorfederico@hotmail.com,F,66,Delectus provident officiis voluptas eum. Distinctio eaque veritatis blanditiis.
45,ibarramaria-elena@yahoo.com,M,48,Consequatur adipisci fugiat maiores molestiae minima aliquam. Aut sunt asperiores. Commodi hic modi accusantium unde. Quisquam assumenda totam maiores ex.
46,fcortez@hotmail.com,M,26,Recusandae sapiente non culpa. Voluptatibus dignissimos excepturi reprehenderit quae exercitationem.
47,llopez@villagomez.biz,M,65,Harum nobis quasi sequi impedit. Id ipsum libero incidunt. Sint labore similique quia perspiciatis sed. Veritatis cum similique doloribus molestiae excepturi.
48,ppadron@gmail.com,M,52,Vel culpa incidunt. Sapiente minus necessitatibus unde unde unde. Tempora hic reiciendis dolorem.
49,enriquezeric@hotmail.com,M,22,Sed ut et facere. Quia ea iste repudiandae quis quas facere deleniti. Praesentium vel veniam repellat incidunt quod.
